6870452139,Breakdancing
6087294351,Brewing Beer
7563819240,Bridge
7421890536,Bridge Building
2467913508,Bringing Food To The Disabled
7391256408,Building A House For Habitat For Humanity
5027431968,Building Dollhouses
1789462035,Bus spotting
3506472981,Butterfly Watching
5941683702,Button Collecting
7640825319,Cake Decorating
7286014395,Calligraphy
6387942150,Camping
6578913420,Candle making
7526438910,Canoeing
9642831750,Car Racing
3142560789,Card collecting
3579106824,Diecast Collectibles
6189425703,Digital arts
2570841369,Digital Photography
7639021485,Disc golf
1806472935,Do it yourself
6150482379,Dodgeball
324956781,Dog sport
2901863457,Dolls
2379061854,Dominoes
4719068532,Dowsing
7158026934,Drama
2730914856,Drawing
279586431,Driving
9804312657,Dumpster Diving
8025319674,Eating out
5480371692,Educational Courses
1538946270,Electronics
4720985613,Element collecting
2691857034,Embroidery
2364571809,Entertaining
4932657108,Equestrianism
8356912470,"Exercise (aerobics, weights)"
3217860945,Exhibition drill
2596718304,Falconry
5028947316,3D printing
7206419835,Acting
2653078149,Aeromodeling
3086521974,Air sports
7259801436,Airbrushing
5984307261,Aircraft Spotting
631498725,Airsoft
6413579028,Airsofting
5362019784,Amateur astronomy
4017659823,Amateur geology
9405271836,Amateur Radio
1435907628,American football
5702691384,Animal fancy
8946715203,Animals/pets/dogs
7983412560,Antiquing
9718625430,Antiquities
2957614083,Aqua-lung
4129857063,Aquarium (Freshwater & Saltwater)
8145762930,Archery
4501823679,Art collecting
2637185940,Arts
5146298703,Association football
4567391280,Astrology
8251936470,Astronomy
4658790132,Audiophilia
4327091586,Australian rules football
8359620741,Auto audiophilia
352148697,Auto racing
1639802457,Backgammon
1209368547,Backpacking
5719248360,Badminton
7396845012,Base Jumping
6402813975,Baseball
1259408376,Basketball
3062479518,Baton Twirling
7219384506,Beach Volleyball
8945132760,Beach/Sun tanning
5471620398,Beachcombing
9341056287,Beadwork
3614529870,Beatboxing
7865149203,Becoming A Child Advocate
2869451703,Beekeeping
1567932480,Deltiology (postcard collecting)
9725630184,Diecast Collectibles
4017869235,Digital arts
1084359726,Digital Photography
8216905473,Disc golf
6971452038,Do it yourself
8320195674,Dodgeball
8426370951,Dog sport
1628035749,Dolls
4152679038,Dominoes
9284710635,Dowsing
126953847,Drama
4209376518,Drawing
6285304197,Driving
4826517093,Dumpster Diving
4102958736,Eating out
4273569081,Educational Courses
389617524,Electronics
8715963420,Air sports
253948671,Airbrushing
1230478596,Aircraft Spotting
7529341860,Airsoft
2986154037,Airsofting
3476280195,Amateur astronomy
6582340917,Amateur geology
5294716380,Amateur Radio
4650197328,American football
3128065749,Animal fancy
7465320819,Animals/pets/dogs
5602149837,Antiquing
7061249853,Antiquities
5076381942,Aqua-lung
4579612038,Aquarium (Freshwater & Saltwater)
7849032165,Archery
8659240317,Art collecting
9021847563,Arts
7540329861,Association football
8297410635,Astrology
357814926,Astronomy
9452387601,Audiophilia
4702593861,Australian rules football
5362489170,Auto audiophilia
279586431,Auto racing
9804312657,Backgammon
8025319674,Backpacking
5480371692,Badminton
1538946270,Base Jumping
4720985613,Baseball
2691857034,Basketball
2364571809,Baton Twirling
4932657108,Beach Volleyball
8356912470,Beach/Sun tanning
3217860945,Beachcombing
2596718304,Beadwork
2653078149,Beatboxing
3086521974,Becoming A Child Advocate
7259801436,Dominoes
5984307261,Dowsing
631498725,Drama
6413579028,Drawing
5362019784,Driving
4017659823,Dumpster Diving
9405271836,Eating out
1435907628,Educational Courses
5702691384,Electronics
8946715203,Air sports
1111111111,Beatboxing
2222222222,Beatboxing
3333333333,Beatboxing
4444444444,Beatboxing
5555555555,Beatboxing
6666666666,Beatboxing
7777777777,Beatboxing
8888888888,Aircraft Spotting
9999999999,Aircraft Spotting
