Lou Ringo,6870452139,Firefighter
Ericka Liming,6087294351,Firefighter
Regan Vecchio,7563819240,Archeologist
Kym Rowse,7421890536,Salesman
Fredrick Montoya,2467913508,Composer
Ken Outland,7391256408,Lecturer
Dorcas Rozell,5027431968,Baker
Charita Cue,1789462035,Baker
Hortencia Mount,3506472981,Economist
Deedee Buchta,5941683702,Mathematician
Adena Landress,7640825319,Firefighter
Rickey Becerra,7286014395,Engineer
Kami Diangelo,6387942150,Accountant
Estell Schurman,6578913420,Mechanic
Georgiann Blankenship,7526438910,Interpreter
Alesia Breton,9642831750,Mechanic
Lottie Aldape,3142560789,Historian
Roselee Mixson,3579106824,Scientist
Mitsue Preslar,6189425703,Engineer
Jerrica Pappan,2570841369,Journalist
Santo Sickles,7639021485,Agronomist
Krysten Delorenzo,1806472935,Hairdresser
Tod Grau,6150482379,Composer
Norman Warkentin,324956781,Electrician
Bobbie Warriner,2901863457,Social Worker
Lavern Jardine,2379061854,Mechanic
Kesha Teneyck,4719068532,Producer
Ethan Dittman,7158026934,Astronomer
Nellie Mcewen,2730914856,Historian
Katheleen King,279586431,Auditor
Doug Symes,9804312657,Interpreter
Corazon Renfrew,8025319674,Lecturer
Dorathy Smalls,5480371692,Firefighter
Lanora Durrett,1538946270,Interpreter
Lauri Sly,4720985613,Singer
Salena Maher,2691857034,Pharmacist
Aleta Blank,2364571809,Dancer
Camila Roush,4932657108,Composer
Margene Mckeighan,8356912470,Salesman
Mallory Abramson,3217860945,Dancer
Bradley Doughty,2596718304,Programmer
Wai Bragdon,5028947316,Jeweller
Audria Ptacek,7206419835,Salesman
Gale Copen,2653078149,Florist
Tawana Patty,3086521974,Historian
Quinn Adkins,7259801436,Physicist
Rosamaria Laffoon,5984307261,Agronomist
Georgianna Mleczko,631498725,Lawer
Sharie Greve,6413579028,Teacher
Bobbye Sessoms,5362019784,Scientist
Delicia Culler,4017659823,Composer
Elana Englehart,9405271836,Biochemist
Samual Fyfe,1435907628,Meteorologist
Theo Wroten,5702691384,Manager
Jeanne Wilkin,8946715203,Physicist
Keesha Courser,7983412560,Interpreter
Soo Sisson,9718625430,Archeologist
Loreen Creegan,2957614083,Botanist
Cassondra Dehner,4129857063,Programmer
Tova Gough,8145762930,Actor
Florentina Diangelo,4501823679,Physicist
Cletus Hames,2637185940,Interpreter
Tawanna Pilarski,5146298703,Fine Artist
Margie Ash,4567391280,Scientist
Olen Fuston,8251936470,Accountant
Kanesha Waddy,4658790132,Veterinarian
Tammera Radabaugh,4327091586,Meteorologist
Stacey Squillante,8359620741,Cook
Eleanore Strub,352148697,Fine Artist
Columbus Hynson,1639802457,Cook
Yan Ferrell,1209368547,Astronomer
Mee Gregerson,5719248360,Firefighter
Rod Wainscott,7396845012,Salesman
Sharika Wofford,6402813975,Economist
Nellie Dye,1259408376,Archeologist
Cody Friedel,3062479518,Engineer
Reuben Batiste,7219384506,Salesman
Leia Westgate,8945132760,Meteorologist
Jane Stallworth,5471620398,Electrician
Lourie Oyola,9341056287,Engineer
Gale Enos,3614529870,Producer
Raymundo Tolman,7865149203,Aeroplane Pilot
Rebecka Jager,2869451703,Teacher
Sandie Casimir,1567932480,Engineer
Dewayne Fielder,9725630184,Engineer
Adrianne Casanova,4017869235,Actor
Collette Grayson,1084359726,Meteorologist
Anamaria Harte,8216905473,Driver
Jena Donis,6971452038,Florist
Nikole Engebretson,8320195674,Economist
Jaimie Adamski,8426370951,Lawer
Felisa Guajardo,1628035749,Cook
Kerri Grabert,4152679038,Astronomer
Roseann Mayers,9284710635,Interior Designer
Shila Pietila,126953847,Interior Designer
Isabel Levesque,4209376518,Chemist
Corinne Auer,6285304197,Accountant
Chana Bumpus,4826517093,Interpreter
Freddie Rice,4102958736,Fashion Designer
Tula Mendenhall,4273569081,Interpreter
Cornell Doud,389617524,Pharmacist
Nicolle Scheuermann,8715963420,Salesman
Lauralee Turlington,253948671,Insurer
Classie Broderick,1230478596,Salesman
Daina Hoefer,7529341860,Astronomer
Zoila Rawles,2986154037,Insurer
Anabel Lehmkuhl,3476280195,Manager
Jenee Bello,6582340917,Agronomist
Donny Kaina,5294716380,Actor
Shanna Walk,4650197328,Hairdresser
Toi Domino,3128065749,Economist
Edwardo Kensey,7465320819,Geologist
Nanette Guo,5602149837,Fine Artist
Janeth Gallagher,7061249853,Dancer
Branda Fluharty,5076381942,Baker
Dena Brochu,4579612038,Biochemist
Patrina Dashner,7849032165,Meteorologist
Pamala Delagarza,8659240317,Manager
Vito Flower,9021847563,Physicist
Tommye Mathieson,7540329861,Interpreter
Beth Lamoureaux,8297410635,Archeologist
Jodi Reta,357814926,Botanist
Tricia Wisecup,9452387601,Programmer
Mei Moyers,4702593861,Actor
Alfredo Hunziker,5362489170,Physicist
Yoda,1111111111,legendary Jedi Master
Darth Vader,2222222222,Sith Lord
C-3PO,3333333333,A droid
Darth Maul,4444444444,Sith Lord
R2-D2,5555555555,Droid
Chewbacca,6666666666,Legendary Wookiee warrior
Luminara Unduli,7777777777,Jedi master
Igor Sikorsky,8888888888,Aviation pioneer in both helicopters and fixed wing aircraft
Robert Hutchings Goddard,9999999999,Credited with creating and building the world's first liquid fuel rocket
